﻿{"cameraMode":{"drawMode":0,"name":"Shaded","section":"Shading Mode"},"sceneLighting":true,"audioPlay":false,"sceneViewState":{"showFog":true,"showMaterialUpdate":false,"showSkybox":true,"showFlares":true,"showImageEffects":true,"showParticleSystems":true},"in2DMode":false,"pivot":{"x":516.0357055664063,"y":223.8961181640625,"z":112.70849609375},"rotation":{"x":0.08927935361862183,"y":1.6101004973734235e-8,"z":-7.28530391569393e-9,"w":0.9960080981254578},"size":748.9666137695313,"orthographic":false}